,Contact Name,Created,Milestone,Estimated Value,Currency,EUR Value,Duration Basis,Duration,Value per Duration,Actual Close Date,Expected Close Date,Product type,Region,Type of Client,Source of lead,Out of Scope,Lost Reason
0,Petrotec  Ras Laffan Service Centre,2021-05-25,Proposal,3360.0,EUR,3360.0,fixed,,3360.0,,,Other,Middle-East,End-user,Ex-M website,,
1,Ex Electrical Pty Ltd,2020-05-29,Lost,,,,fixed,,,2020-08-17,,,,,,,
2,Almco Group of Companies,2020-09-29,Proposal,,,,fixed,,,,,,,,,,
3,Wellhead Electrical Supplies Ltd,2020-12-17,New,,,,fixed,,,,,,,,,,
4,maspero,2021-05-04,New,,,,fixed,,,,,,,,,,
5,B Robotics W Srl,2021-07-27,Lost,,,,fixed,,,2021-07-27,,Airconditioner,Western Europe,Engineer,Ex-M website,True,
6,ADOS,2020-10-01,Proposal,,,,fixed,,,,,,,,,,
7,Joint Gulf Business (JGB) Corp.,2021-07-14,Lost,5000.0,EUR,5000.0,fixed,,5000.0,2021-07-15,,Airconditioner,Middle-East,Installer,Ex-M website,True,
8,Rawabi Electric,2021-03-11,Proposal,,,,fixed,,,,,,,,,,
9,Joint Gulf Business (JGB) Corp.,2021-06-22,New,,,,fixed,,,,,,,,,,
10,PETER HEIN KÜHLANLAGENBAU,2021-01-28,Proposal,,,,fixed,,,,,,,,,,
11,APAC,2020-10-08,New,,,,fixed,,,,,,,,,,
12,Team Clim Alsace,2021-04-16,Proposal,,,,fixed,,,,,,,,,,
13,Arizona Electric Power Cooperatives,2021-07-05,Proposal,,,,fixed,,,,,Airconditioner,,End-user,Ex-M website,,
14,Pongsiriair Co. Llt,2020-09-28,Proposal,,,,fixed,,,,,,,,,,
15,HITECH DIŞ TICARET A.Ş.,2021-07-16,Proposal,11000.0,EUR,11000.0,fixed,,11000.0,,,Airconditioner,Eastern Europe,Trade Agent,Ex-M website,,
16,Apleona HSG,2021-04-01,Proposal,,,,fixed,,,,,,,,,,
17,Phuel Oil Tools Ltd,2020-09-17,Proposal,,,,fixed,,,,,,,,,,
18,Grupa LOTOS,2021-05-21,Lost,3100.0,EUR,3100.0,fixed,,3100.0,2021-06-17,,Airconditioner,Eastern Europe,Trade Agent,Ex-M website,,
19,IS Engineering AG,2021-06-16,Proposal,4000.0,EUR,4000.0,fixed,,4000.0,,,Airconditioner,Asia,End-user,Ex-M website,,
20,Victory Express General Trading LLC,2021-07-02,Proposal,,,,fixed,,,,,Airconditioner,Middle-East,Trade Agent,Ex-M website,,
21,Aarya Engineering FZC,2021-05-18,Proposal,,,,fixed,,,,,Airconditioner,Middle-East,End-user,Other,,
22,u On Marine L.L.C.,2021-07-15,Proposal,,,,fixed,,,,,Airconditioner,Middle-East,Installer,Ex-M website,,
23,MGT Group,2021-06-21,New,,,,fixed,,,,,,,,,,
24,Defense Support Services,2021-01-04,Proposal,,,,fixed,,,,,,,,,,
25,De Jong Installatieservice B.V.,2020-12-16,Lost,,,,fixed,,,2020-12-21,,,,,,,
26,ACC,2021-07-27,New,,,,fixed,,,,,,,,,,
27,Nuova Maxcalor Condizionamento Aria-Impianti,2020-10-16,New,,,,fixed,,,,,,,,,,
28,Dummy Bedrijf,2021-07-28,New,,,,fixed,,,,,,,,,,
29,Contract Resources,2021-07-15,Proposal,,,,fixed,,,,,Airconditioner,Middle-East,Trade Agent,Ex-M website,,
30,EPLONE General Trading LLC,2021-07-02,Proposal,,,,fixed,,,,,Airconditioner,Middle-East,Trade Agent,Ex-M website,,
31,Explorer Terra Energy Sdn Bhd.,2020-12-09,Proposal,,,,fixed,,,,,,,,,,
32,Remprodex Sp. z o.o.,2021-04-13,Proposal,,,,fixed,,,,,,,,,,
33,Wastadeb Contracting Services Limited,2020-12-30,New,,,,fixed,,,,,,,,,,
34,Eltechma Instalacje Sp. z o.o.,2021-04-15,Proposal,,,,fixed,,,,,,,,,,
35,Al Nukhba Energy Co.,2021-02-22,Proposal,,,,fixed,,,,,,,,,,
36,UPR LLC,2021-04-09,Proposal,,,,fixed,,,,,,,,,,
37,ENVIBOW Norbert Weiß e.K.,2021-06-24,Proposal,,,,fixed,,,,,Airconditioner,Western Europe,Installer,Ex-M website,,
38,Alammulia Teknologi Sdn Bhd,2021-06-16,New,,,,fixed,,,,,Airconditioner,Asia,OEM,Ex-M website,,
39,TECOTRADING SRL,2021-02-04,Proposal,,,,fixed,,,,,,,,,,
40,Sinotharwa Drilling Company LLC,2021-01-06,Proposal,,,,fixed,,,,,,,,,,
41,"Comtech Systems, Inc",2021-02-01,New,,,,fixed,,,,,,,,,,
42,Catur Mitra Teknologi Company,2021-04-19,Proposal,,,,fixed,,,,,,,,,,
43,V.I.T.T. Gebäudetechnik GmbH,2021-04-25,New,,,,fixed,,,,,,,,,,
44,Gulf Technical Equipment & Hydraulic Factory LLC (GTE),2021-06-16,Proposal,4000.0,EUR,4000.0,fixed,,4000.0,,,Airconditioner,Middle-East,End-user,Ex-M website,,
45,Indorama,2020-11-23,Proposal,,,,fixed,,,,,,,,,,
46,S.E.I.D. S.r.l.,2020-12-23,Won,,,,fixed,,,2021-03-18,,,,,,,
47,Industrial Frigo Polska,2021-07-01,Proposal,4133.0,EUR,4133.0,fixed,,4133.0,,,Airconditioner,Eastern Europe,Installer,Ex-M website,,
48,Technigroup NV,2021-07-15,Proposal,,,,fixed,,,,,Airconditioner,Western Europe,Installer,Returning customer,,
49,APEX,2021-06-21,Proposal,,,,fixed,,,,,Airconditioner,Africa,Installer,Ex-M website,,
50,Silverback Distribution,2021-06-25,Proposal,8000.0,EUR,8000.0,fixed,,8000.0,,,Airconditioner,,Trade Agent,Ex-M website,,
51,Air Royal Pte. Ltd,2021-04-08,New,,,,fixed,,,,,,,,,,
52,Titan International Ltd,2021-03-30,New,,,,fixed,,,,,,,,,,
53,Cinqtech Nigeria Limited,2021-01-15,New,,,,fixed,,,,,,,,,,
54,JUBOB Keystone Engineering Nigeria Ltd.,2021-05-09,New,,,,fixed,,,,,,,,,,
55,Dummu bedrijf Gido,2021-07-28,New,,,,fixed,,,,,Airconditioner,Western Europe,Installer,Ex-M website,,
56,Metagro B.V.,2021-04-25,New,,,,fixed,,,,,,,,,,
57,Akermas Energy Limited,2021-07-02,Proposal,1299.0,EUR,1299.0,fixed,,1299.0,,,Camera,Africa,Trade Agent,Ex-M website,,
58,SOLAS MARINE SERVICES GROUP,2020-12-16,New,,,,fixed,,,,,,,,,,
59,Imatech BV,2021-07-02,Proposal,,,,fixed,,,,,Airconditioner,Western Europe,Installer,Ex-M website,,
60,Orill Oilfield Supplies LLC,2021-05-21,Lost,,,,fixed,,,2021-05-21,,,,,,,
61,Petronas Technical Services Sdn Bhd,2020-11-05,New,,,,fixed,,,,,,,,,,
62,TEHNIMARKET,2021-02-04,New,,,,fixed,,,,,,,,,,
63,ACTM,2021-05-04,New,,,,fixed,,,,,,,,,,
64,SOLAS MARINE SERVICES GROUP,2021-01-06,New,,,,fixed,,,,,,,,,,
65,"JUNIA-T Ltd, NIET AANBIEDEN, partner Daan zie website",2021-03-30,Proposal,,,,fixed,,,,,,,,,,
66,ND Service,2021-01-15,Proposal,,,,fixed,,,,,,,,,,
67,Total Olefins Antwerp,2021-06-22,Proposal,11000.0,EUR,11000.0,fixed,,11000.0,,,Airconditioner,Western Europe,End-user,Ex-M website,,
68,TF Solutions Air Conditioning and Refrigeration,2020-12-10,Proposal,,,,fixed,,,,,,,,,,
69,"Brilliance MAHK Trading (Shanghai) Co., Ltd.",2020-06-08,Lost,,,,fixed,,,2020-07-20,,,,,,,Abandoned
70,Prezioso Emdad LLC,2020-10-22,Proposal,,,,fixed,,,,,,,,,,
71,DC-SUPPLY A/S,2021-03-18,New,,,,fixed,,,,,,,,,,
72,Egyptian Drilling Company,2021-06-21,New,,,,fixed,,,,,,,,,,
73,IOT Holland,2021-07-29,Lost,,,,fixed,,,2021-07-29,,Airconditioner,Western Europe,Trade Agent,Ex-M website,True,
74,Askews Ltd,2021-06-14,Proposal,5700.0,EUR,5700.0,fixed,,5700.0,,,Airconditioner,Western Europe,Installer,ExproofAC Site,,
75,Pak-Arab Refinery Limited,2020-10-14,New,,,,fixed,,,,,,,,,,
76,TCI Sanmar Chemicals S.A.E.,2020-10-02,Proposal,,,,fixed,,,,,,,,,,
77,Fauji Fertilizer Company Limited,2020-06-26,Proposal,,,,fixed,,,,,,,,,,
78,Value Fusion Consult S.P.C.,2020-06-10,Lost,,,,fixed,,,2020-06-18,,,,,,,Abandoned
79,Anwar Alseraj Engineering,2021-04-27,Proposal,,,,fixed,,,,,,,,,,
80,Joint Gulf Business (JGB) Corp.,2021-04-21,New,,,,fixed,,,,,,,,,,
81,"ESTN Comércio e Serviços (SU), Lda",2021-03-17,New,,,,fixed,,,,,,,,,,
82,Airco Refrigeration & Air Conditioning Ltd,2021-07-28,New,,,,fixed,,,,,,,,,,
83,United Electric Controls,2021-01-07,New,,,,fixed,,,,,,,,,,
84,Aramco,2020-05-21,Lost,,,,fixed,,,2020-05-21,,,,,,,Abandoned
85,Global Exim Merchants,2020-10-29,Proposal,,,,fixed,,,,,,,,,,
86,Motor Oil Hellas Corinth Refineries SA,2020-09-23,New,,,,fixed,,,,,,,,,,
87,SNS-tech,2020-05-16,Lost,,,,fixed,,,2020-05-16,,,,,,,
88,Elsewedy Electric,2020-11-23,Proposal,,,,fixed,,,,,,,,,,
89,Nawah Energy Company,2020-09-09,New,,,,fixed,,,,,,,,,,
90,CR Asia Thailand,2020-11-10,New,,,,fixed,,,,,,,,,,
91,Pooya Afzar Pishro Co.,2020-05-20,New,,,,fixed,,,,,,,,,,
92,ALEXSISTEMIspa,2021-06-14,Proposal,16000.0,EUR,16000.0,fixed,,16000.0,,,Airconditioner,Western Europe,Installer,Ex-M website,,
93,Space Projects Hull Ltd,2020-10-13,Proposal,,,,fixed,,,,,,,,,,
94,OHI Electronics,2020-08-31,New,,,,fixed,,,,,,,,,,
95,Motor Oil Hellas Corinth Refineries SA,2020-09-02,Won,91000.0,EUR,91000.0,fixed,,91000.0,2020-09-23,,,,,,,
96,HM Control,2020-09-04,Lost,,,,fixed,,,2020-09-07,,,,,,,
97,Amazon Mes B.V.,2020-06-22,Proposal,,,,fixed,,,,,,,,,,
98,Shrisailaa Technologies Pvt Ltd.,2021-03-30,New,,,,fixed,,,,,,,,,,
99,Carrier Marine & Offshore,2020-09-17,New,,,,fixed,,,,,,,,,,
100,A.M.A (Auto Mecânica Alvorgense),2021-07-28,New,,,,fixed,,,,,Airconditioner,Western Europe,Trade Agent,Ex-M website,,
101,Paumier,2020-09-02,Won,8500.0,EUR,8500.0,fixed,,8500.0,2020-09-16,,,,,,,
102,Yokogawa Electrical International Pte Ltd.,2020-10-22,Lost,,,,fixed,,,2020-10-22,,,,,,,
103,Ray Shearer,2021-03-02,Lost,,,,fixed,,,2021-03-11,,,,,,,
104,"SPIE, Scotland Multi-Technical Services",2020-07-22,New,,,,fixed,,,,,,,,,,
105,Tito Rumapea,2020-10-08,New,54000.0,EUR,54000.0,fixed,,54000.0,,,,,,,,
106,Electro Andiono Ltda,2020-06-29,New,5000.0,EUR,5000.0,fixed,,5000.0,,,,,,,,
107,Agyad,2021-03-11,New,,,,fixed,,,,,,,,,,
108,Integrated Engineering Services Pvt Ltd. IES,2021-07-09,New,,,,fixed,,,,,Airconditioner,Middle-East,Engineer,Ex-M website,,
109,Masstron Pte Ltd,2020-05-15,Lost,421208.0,EUR,421208.0,fixed,,421208.0,2020-08-19,,,,,,,
110,Baltic Fleet Management,2020-11-25,Lost,,,,fixed,,,2020-11-25,,,,,,,
111,Alhambra IT,2021-02-25,Proposal,,,,fixed,,,,,,,,,,
112,BASF SE,2020-05-29,Won,66260.0,EUR,66260.0,fixed,,66260.0,2020-06-11,,,,,,,
113,PT. Satrya Layanan Nusantara,2021-01-18,Proposal,,,,fixed,,,,,,,,,,
114,Enefcon,2020-08-27,Proposal,,,,fixed,,,,,,,,,,
115,Crewshield International Ltd,2020-06-29,New,,,,fixed,,,,,,,,,,
116,KK Tan Enterprises Pte Ltd,2020-06-22,Lost,9200.0,EUR,9200.0,fixed,,9200.0,2020-07-07,,,,,,,Became Stale
117,Fatima Fertilizer Company Limited,2020-06-22,Proposal,,,,fixed,,,,,,,,,,
118,National Petroleum Construction Company NPCC,2020-08-03,New,,,,fixed,,,,,,,,,,
119,Frigo System s.r.l.,2021-06-14,Won,19000.0,EUR,19000.0,fixed,,19000.0,2021-06-18,,Airconditioner,Western Europe,Installer,Ex-M website,,
120,Sin Lee Aircond & Refrigeration Pte Ltd,2021-07-16,New,,,,fixed,,,,,Airconditioner,Asia,Installer,Ex-M website,,
121,Alfa Therm d.o.o.,2020-12-22,Proposal,,,,fixed,,,,,,,,,,
122,Dron Dickson,2021-04-30,New,,,,fixed,,,,,,,,,,
123,Wrist-Klevenberg Ship Supply NL BV,2021-05-21,Proposal,13200.0,EUR,13200.0,fixed,,13200.0,,,Airconditioner,Western Europe,End-user,Other,,
124,HVAC Group,2020-09-18,Lost,,,,fixed,,,2020-09-21,,,,,,,
125,Kinetic Mekanik Teknolojileri,2020-09-01,New,,,,fixed,,,,,,,,,,
126,Agesa Grup,2020-12-23,Proposal,,,,fixed,,,,,,,,,,
127,ERC Egyptian Refining Company,2020-06-29,Proposal,,,,fixed,,,,,,,,,,
128,Asian Offshore Services Sdn. Bhd.,2021-07-28,Proposal,,,,fixed,,,,,Airconditioner,Asia,Installer,Ex-M website,,
129,Alpha ECC,2021-05-26,Proposal,,,,fixed,,,,,Airconditioner,Asia,Installer,Ex-M website,,
130,Zortech Air Conditioning,2021-06-18,Proposal,13000.0,EUR,13000.0,fixed,,13000.0,,,Airconditioner,Western Europe,Installer,Ex-M website,,
131,Supreme Mechanical & Engineering Equipment Trading L.L.C,2021-04-25,New,,,,fixed,,,,,,,,,,
132,E.R.S Group,2021-04-23,Proposal,,,,fixed,,,,,,,,,,
133,Saudi Structures Contracting Co.,2021-03-09,Proposal,,,,fixed,,,,,,,,,,
134,Descon,2021-04-30,New,,,,fixed,,,,,,,,,,
135,Motor Oil Hellas Corinth Refineries SA,2020-05-20,Won,18240.0,EUR,18240.0,fixed,,18240.0,2020-05-26,,,,,,,
136,Koolplus Development Co. Ltd.,2021-02-03,New,,,,fixed,,,,,,,,,,
137,Pooya Afzar Pishro Co.,2020-10-01,Proposal,,,,fixed,,,,,,,,,,
138,Technigroup NV,2021-03-01,Proposal,,,,fixed,,,,,,,,,,
139,Worley,2020-09-15,Proposal,,,,fixed,,,,,,,,,,
140,Smartdesign,2021-02-03,Proposal,,,,fixed,,,,,,,,,,
141,Doga Industries,2020-06-25,New,,,,fixed,,,,,,,,,,
142,AlJaber Engineering WLL,2021-04-07,Won,,,,fixed,,,2021-06-15,,,,,,,
143,Fine-Air Klimaattechniek,2020-11-27,Proposal,,,,fixed,,,,,,,,,,
144,AC Enviro Limited,2021-04-27,New,,,,fixed,,,,,,,,,,
145,Ambicool Wigan Ltd,2020-10-16,Proposal,,,,fixed,,,,,,,,,,
146,Sweco Nederland,2020-07-24,Lost,,,,fixed,,,2020-08-06,,,,,,,
147,PT. Triputra Mega Asia,2020-10-08,Proposal,16000.0,EUR,16000.0,fixed,,16000.0,,,,,,,,
148,Engie Cofely Mannai Facility Management,2020-08-18,New,22000.0,EUR,22000.0,fixed,,22000.0,,,,,,,,
149,Holadco International Company Limited,2021-01-27,Proposal,,,,fixed,,,,,,,,,,
150,PM Group,2020-11-05,Proposal,,,,fixed,,,,,,,,,,
151,Vemax Technology Sdn Bhd,2021-01-25,Proposal,,,,fixed,,,,,,,,,,
152,Al Mousawi Trading Co. L.L.C.,2021-03-02,Lost,,,,fixed,,,2021-03-03,,,,,,,
153,Altena Group,2020-10-30,New,30000.0,EUR,30000.0,fixed,,30000.0,,,,,,,,
154,Templegate Electrical Supplie Limited,2020-06-23,Proposal,4450.0,EUR,4450.0,fixed,,4450.0,,,,,,,,
155,Mellitah Oil & Gas B.V. - Libya,2020-08-21,Proposal,5500.0,EUR,5500.0,fixed,,5500.0,,,,,,,,
156,Eurotecks,2020-11-04,New,,,,fixed,,,,,,,,,,
157,Almutlak Metal Industries Co.,2020-10-07,New,,,,fixed,,,,,,,,,,
158,AXIS Engineering Pte.Ltd.,2020-05-16,Qualified,,,,fixed,,,,,,,,,,
159,"Bautech Engineering Co., Ltd.",2020-06-07,Lost,,,,fixed,,,2020-06-15,,,,,,,Poor Qualification
160,VINH NAM JOINT STOCK COMPANY (VAM),2020-06-07,Lost,,,,fixed,,,2020-07-27,,,,,,,Abandoned
161,PROFEN MARINE EQUIPMENT AND PETROLEUM EQUIPMENTS,2021-01-26,New,,,,fixed,,,,,,,,,,
162,ANBI General Trading LLC,2021-01-29,New,,,,fixed,,,,,,,,,,
163,LTD GM Group,2020-05-25,Qualified,6840.0,EUR,6840.0,fixed,,6840.0,,,,,,,,
164,Electro-Mechanical Services LLC,2020-08-25,Proposal,,,,fixed,,,,,,,,,,
165,D-KEB Express Global Limited,2020-08-25,New,,,,fixed,,,,,,,,,,
166,ADNOC Abu Dhabi National Oil Company,2020-09-28,New,,,,fixed,,,,,,,,,,
167,Michelena Engenharia,2020-09-14,Proposal,,,,fixed,,,,,,,,,,
168,Sandrose Trading LLC,2021-02-09,New,,,,fixed,,,,,,,,,,
169,International Power Supply AD,2021-03-11,New,,,,fixed,,,,,,,,,,
170,"J. YNG RUBBER PRODUCT CO., LTD.",2021-05-18,New,,,,fixed,,,,,Airconditioner,Asia,,Ex-M website,,
171,Sara Enterprises,2021-05-21,Proposal,150000.0,EUR,150000.0,fixed,,150000.0,,,Airconditioner,Asia,Installer,Ex-M website,,
172,Frigmania,2021-01-07,Lost,,,,fixed,,,2021-01-07,,,,,,,
173,Paumier,2020-09-15,Proposal,5610.0,EUR,5610.0,fixed,,5610.0,,,,,,,,
174,Nisren Factory,2020-06-04,Proposal,,,,fixed,,,,,,,,,,
175,MCSC W.L.L.,2020-06-10,Lost,,,,fixed,,,2020-07-20,,,,,,,Became Stale
176,Delta Construction Co. W.L.L.,2020-06-08,Lost,,,,fixed,,,2020-06-08,,,,,,,Price too high
177,i6 Group,2020-10-01,New,945.0,EUR,945.0,fixed,,945.0,,,,,,,,
178,Magnum Technology Center Ltd,2020-09-15,New,,,,fixed,,,,,,,,,,
179,United Technology Group,2021-04-21,Proposal,,,,fixed,,,,,,,,,,
180,BioPetroClean,2021-03-02,Proposal,,,,fixed,,,,,,,,,,
181,T.P.S. Logistics Materials,2020-06-26,Proposal,39585.0,EUR,39585.0,fixed,,39585.0,,,,,,,,
182,Procureall Ltd,2021-02-25,Proposal,,,,fixed,,,,,,,,,,
183,Joint Gulf Business (JGB) Corp.,2020-10-14,Proposal,,,,fixed,,,,,,,,,,
184,Thelma Industries Pte Ltd,2020-05-15,Won,19800.0,EUR,19800.0,fixed,,19800.0,2020-05-15,,,,,,,
185,BioPetroClean,2021-03-02,New,,,,fixed,,,,,,,,,,
186,JGC Engineering & Technical Services Ltd,2020-05-25,Qualified,18000.0,EUR,18000.0,fixed,,18000.0,,,,,,,,
187,"TRIONICS, LLC",2021-02-25,Proposal,,,,fixed,,,,,,,,,,
188,Wellhead Electrical Supplies Ltd,2021-02-25,Proposal,,,,fixed,,,,,,,,,,
189,ABB B.V. (Holland Robotics),2021-02-17,Proposal,,,,fixed,,,,,,,,,,
190,Maxey Lda,2020-09-01,New,,,,fixed,,,,,,,,,,
191,UPR LLC,2021-01-05,Proposal,,,,fixed,,,,,,,,,,
192,Taseti General Contracting L.L.C.,2020-08-31,New,,,,fixed,,,,,,,,,,
193,MOD engineering S.r.l.s.,2021-02-17,Proposal,,,,fixed,,,,,,,,,,
194,Y.H.H. Marine Engineering Pte Ltd,2020-06-07,Won,,,,fixed,,,2020-06-09,,,,,,,
195,Viking Airtech Pte Ltd.,2021-01-05,Proposal,,,,fixed,,,,,,,,,,
196,Engie Solutions,2020-10-07,Proposal,,,,fixed,,,,,,,,,,
197,PT. BANYUBIRU INT.,2020-06-07,Proposal,,,,fixed,,,,,,,,,,
198,Airzone,2021-01-13,New,,,,fixed,,,,,,,,,,
199,Technigroup NV,2021-02-25,Proposal,,,,fixed,,,,,,,,,,
200,Modulcasa Line S.p.a.,2020-10-15,New,,,,fixed,,,,,,,,,,
201,Yokogawa Iberia S.A.,2021-03-05,Proposal,,,,fixed,,,,,,,,,,
202,Jafftech International,2020-06-29,New,5965.0,EUR,5965.0,fixed,,5965.0,,,,,,,,
203,Kreuz Subsea,2020-06-22,Proposal,4250.0,EUR,4250.0,fixed,,4250.0,,2020-06-24,,,,,,
204,Specialist Services Holdings Limited,2021-01-27,Lost,,,,fixed,,,2021-01-27,,,,,,,
205,Spring Marine Management S.A.,2020-07-10,New,,,,fixed,,,,,,,,,,
206,Methodos Engineering,2020-07-03,New,,,,fixed,,,,,,,,,,
207,Elecchem,2020-06-03,Lost,8000.0,EUR,8000.0,fixed,,8000.0,2020-07-27,2020-06-30,,,,,,Abandoned
208,Paumier,2020-08-17,Proposal,17000.0,EUR,17000.0,fixed,,17000.0,,,,,,,,
209,Kabu Projects Pvt. Ltd.,2020-10-15,New,,,,fixed,,,,,,,,,,
210,NRN Engineering and Supply,2020-05-18,Proposal,14000.0,EUR,14000.0,fixed,,14000.0,,,,,,,,
211,Rosen-Group,2020-05-20,New,,,,fixed,,,,,,,,,,
212,Blue Hydrolics Limited,2021-07-28,Proposal,,,,fixed,,,,,Airconditioner,Western Europe,End-user,Ex-M website,,
213,Spie Nederland B.V. Industry Services,2020-07-24,New,,,,fixed,,,,,,,,,,
214,Kubota Saudi Arabia Co.,2020-08-24,New,,,,fixed,,,,,,,,,,
215,Forain Gaz Teknolojileri ve Mühendislik Hizmetleri A.Ş.,2021-03-17,Lost,,,,fixed,,,2021-03-17,,,,,,,Poor Qualification
216,Desert Hub Trading Company,2020-05-18,Lost,,,,fixed,,,2020-05-26,,,,,,,
217,Celant.Tel s.r.l.,2020-08-05,New,,,,fixed,,,,,,,,,,
218,PROFEN General Trading L.L.C.,2020-07-20,New,,,,fixed,,,,,,,,,,
219,ADSB Abu dhabi Ship Building,2020-12-22,Proposal,,,,fixed,,,,,,,,,,
220,Yokogawa Electrical International Pte Ltd.,2020-10-22,Proposal,,,,fixed,,,,,,,,,,
221,Siccis S.A.,2020-12-16,Proposal,,,,fixed,,,,,,,,,,
222,EUROtrade S.A.,2020-12-03,New,,,,fixed,,,,,,,,,,
223,N.I.R.A.,2021-03-05,Proposal,,,,fixed,,,,,,,,,,
224,Seven Star Company,2020-12-08,New,,,,fixed,,,,,,,,,,
225,DE WIT projectsupport BV,2021-06-10,Won,14000.0,EUR,14000.0,fixed,,14000.0,2021-06-10,,Airconditioner,,,Other,,
226,Viking Airtech Pte Ltd.,2020-05-16,Lost,23740.0,EUR,23740.0,fixed,,23740.0,2020-05-27,,,,,,,Competition
227,AQHOS AS,2020-12-17,Proposal,,,,fixed,,,,,,,,,,
228,Desert Hub Trading Company,2021-02-24,Proposal,,,,fixed,,,,,,,,,,
229,Global Reach Electro Mechanical Equipment LLC,2020-06-19,New,,,,fixed,,,,,,,,,,
230,CMIT - Europe Srl,2021-04-23,New,,,,fixed,,,,,,,,,,
231,Willus Warrick,2020-07-16,New,,,,fixed,,,,,,,,,,
232,KD Pharma UK Ltd.,2021-03-11,Proposal,,,,fixed,,,,,,,,,,
233,Dumore,2020-07-20,New,,,,fixed,,,,,,,,,,
234,Drakken,2021-07-19,Lost,,,,fixed,,,2021-07-19,,,Middle-East,Trade Agent,,True,
235,Thales Italia,2020-07-26,New,,,,fixed,,,,,,,,,,
236,Paumier,2020-07-27,Proposal,,,,fixed,,,,,,,,,,
237,M7-Techniek,2021-01-15,Proposal,,,,fixed,,,,,,,,,,
238,Masstron Pte Ltd,2020-05-15,Lost,,,,fixed,,,2020-05-15,,,,,,,Abandoned
239,Ingeniering Services,2021-07-29,Proposal,,,,fixed,,,,,Airconditioner,Africa,Installer,Other,,
240,Stefatos Head Office,2021-04-07,Proposal,,,,fixed,,,,,,,,,,
241,Abu Bakar Engineering.Co,2020-12-28,Proposal,,,,fixed,,,,,,,,,,
242,"CALDERERIA TERNS, SL",2020-07-28,New,,,,fixed,,,,,,,,,,
243,Bison IBC Ltd,2020-10-01,New,,,,fixed,,,,,,,,,,
244,Tolde S.r.l.,2020-12-30,Proposal,,,,fixed,,,,,,,,,,
245,Loops Automation,2020-11-04,New,,,,fixed,,,,,,,,,,
246,WENG HUAT ENGINEERING SERVICES PTE LTD,2020-05-15,Lost,70000.0,EUR,70000.0,fixed,,70000.0,2020-05-15,,,,,,,Price too high
247,Gulf Technical Equipment & Hydraulic Factory LLC (GTE),2020-06-23,Proposal,,,,fixed,,,,,,,,,,
248,POWER COOL ELECT & MECH EQUIPMENT TRADING,2020-09-16,New,,,,fixed,,,,,,,,,,
249,Ecopower Engineering Company Ltd.,2020-06-11,Lost,,,,fixed,,,2020-07-20,,,,,,,Became Stale
250,4 Seasons Solutions,2020-05-15,Proposal,5145.0,EUR,5145.0,fixed,,5145.0,,,,,,,,
251,Imeco,2021-04-12,Proposal,,,,fixed,,,,,,,,,,
252,Swift Trans General Transport Est (SGT),2020-07-06,New,,,,fixed,,,,,,,,,,
253,Daal Group,2020-07-16,New,87615.0,EUR,87615.0,fixed,,87615.0,,,,,,,,
254,AEPL,2020-06-29,New,46740.0,EUR,46740.0,fixed,,46740.0,,,,,,,,
255,Nimble EES Ltd,2021-04-15,Proposal,,,,fixed,,,,,,,,,,
256,Gulf Drilling International,2021-02-17,New,,,,fixed,,,,,,,,,,
257,Contrologic,2021-03-19,New,,,,fixed,,,,,,,,,,
258,Eurotecks,2020-11-04,New,,,,fixed,,,,,,,,,,
259,Marcotex Engineers & Consultants,2020-09-28,Lost,,,,fixed,,,2020-09-28,,,,,,,
260,Wellhead Electrical Supplies Ltd,2020-06-09,Lost,,,,fixed,,,2020-08-17,,,,,,,
261,Xenergi,2020-06-24,New,,,,fixed,,,,,,,,,,
262,3D MARINTEC,2021-01-07,Proposal,,,,fixed,,,,,,,,,,
263,BASCULAS Y PROYECTOS DE PESAJE S.A. DE C.V.,2020-07-23,New,14600.0,EUR,14600.0,fixed,,14600.0,,,,,,,,
264,"Krka, d. d.",2020-07-23,Proposal,4750.0,EUR,4750.0,fixed,,4750.0,,,,,,,,
265,Wellhead Electrical Supplies Ltd,2020-06-09,Won,,,,fixed,,,2020-06-09,,,,,,,
266,Enforce Engineering Consultancy,2020-11-24,Proposal,,,,fixed,,,,,,,,,,
267,TSD Aire Acondicionado,2020-06-18,New,,,,fixed,,,,,,,,,,
268,Joint Gulf Business (JGB) Corp.,2020-10-29,Proposal,,,,fixed,,,,,,,,,,
269,H. Ishai Engineering Ltd.,2020-05-25,Qualified,6840.0,EUR,6840.0,fixed,,6840.0,,,,,,,,
270,Universal Voltas LLC,2021-03-01,Proposal,,,,fixed,,,,,,,,,,
271,DACPOL Sp. z o.o.,2020-10-01,Proposal,,,,fixed,,,,,,,,,,
272,Aarya Engineering FZC,2020-06-19,New,,,,fixed,,,,,,,,,,
273,Green Tech Solution,2021-02-25,Proposal,,,,fixed,,,,,,,,,,
274,Fohmics Oil & Gas,2020-08-28,New,,,,fixed,,,,,,,,,,
275,Zetes AutoID Systems AG,2020-06-19,Proposal,,,,fixed,,,,,,,,,,
276,GATEWAY VENTURES FZC,2021-07-14,Proposal,125000.0,EUR,125000.0,fixed,,125000.0,,,Airconditioner,Middle-East,Trade Agent,Ex-M website,,
277,SESCO Saudi Electric Supply Company,2020-10-23,New,,,,fixed,,,,,,,,,,
278,SOUTH WEST ENGINEERING FZCO,2021-02-25,New,,,,fixed,,,,,,,,,,
279,HADI International Trading and Contracting Co.,2020-05-21,Won,,,,fixed,,,2020-05-21,,,,,,,
280,DPS Global,2021-03-05,New,,,,fixed,,,,,,,,,,
281,PHE ONWJ,2020-05-17,Qualified,,,,fixed,,,,,,,,,,
282,Siemens Aktiengesellschaft Österreich,2020-06-09,New,,,,fixed,,,,,,,,,,
283,A.B.S. srl,2020-05-15,Negotiation,6840.0,EUR,6840.0,fixed,,6840.0,,,,,,,,
284,Richardson Oil & Gas,2021-02-17,New,,,,fixed,,,,,,,,,,
285,"UAB ""Protecha""",2020-12-01,New,,,,fixed,,,,,,,,,,
286,SHIN Traco,2020-06-08,Lost,,,,fixed,,,2020-07-20,,,,,,,Abandoned
287,Pt. Mulia Jaya Mandiri,2020-08-25,New,,,,fixed,,,,,,,,,,
288,INDUPLAN Ingenieurbüro GmbH,2020-07-24,New,,,,fixed,,,,,,,,,,
289,Euro-Asia Design & Construction Pte Ltd,2020-06-18,Lost,15650.0,EUR,15650.0,fixed,,15650.0,2020-10-05,,,,,,,Abandoned
290,Daesung Engineering Corp.,2020-05-18,New,,,,fixed,,,,,,,,,,
291,Pepperl+Fuchs GB Ltd.,2020-08-26,Lost,,,,fixed,,,2020-08-26,,,,,,,
292,Okay Anyadiegwu,2021-03-05,Lost,,,,fixed,,,2021-03-05,,,,,,,
293,SPINA GROUP SRL,2020-11-17,Proposal,,,,fixed,,,,,,,,,,
294,Zain Enterprise FZE,2020-11-12,Lost,,,,fixed,,,2020-11-12,,,,,,,
295,Serve-Tech Container Specialist PTE Ltd,2020-05-16,Qualified,,,,fixed,,,,,,,,,,
296,Goethe-Universität Frankfurt,2020-07-10,Proposal,,,,fixed,,,,,,,,,,
297,Mohaz Engineering & Technology (M) Sdn Bhd,2020-06-08,Lost,,,,fixed,,,2020-08-19,,,,,,,Became Stale
298,Izhar Construction Pvt Ltd,2021-01-18,New,,,,fixed,,,,,,,,,,
299,JCE Group,2021-05-06,New,,,,fixed,,,,,,,,,,
300,Siam Chemical Industry,2020-05-17,New,,,,fixed,,,,,,,,,,
301,Multi Star Associates,2020-06-29,Lost,,,,fixed,,,2020-06-29,,,,,,,No Authority
302,Aleef Trade International,2020-09-25,Lost,,,,fixed,,,2020-09-25,,,,,,,
303,Bao Nghi Techniques Service Trading Company,2021-02-05,Lost,,,,fixed,,,2021-02-05,,,,,,,
304,Novenco AS,2020-07-07,Lost,,,,fixed,,,2020-07-31,,,,,,,
305,Aits Ltd.,2020-10-01,New,,,,fixed,,,,,,,,,,
306,ThyssenKrupp Aufzugswerke GmbH,2021-02-05,New,,,,fixed,,,,,,,,,,
307,Perenco Cameroun,2021-02-23,New,,,,fixed,,,,,,,,,,
308,Engie Solutions,2021-02-02,Proposal,,,,fixed,,,,,,,,,,
309,Itelligent-Tech,2020-07-16,New,,,,fixed,,,,,,,,,,
310,NBTC-group,2020-10-05,New,,,,fixed,,,,,,,,,,
311,ENVIBOW Norbert Weiß e.K.,2020-07-24,New,,,,fixed,,,,,,,,,,
312,DalmatAng,2020-10-26,New,,,,fixed,,,,,,,,,,
313,Sensorlogy GmbH,2020-06-09,Lost,,,,fixed,,,2020-06-09,,,,,,,
314,SADOWSKA-MAZUREK SP. Z O.O.,2020-08-24,New,,,,fixed,,,,,,,,,,
315,GB International INC,2020-05-17,Lost,,,,fixed,,,2020-05-17,,,,,,,
316,Jomatec Energy and Engineering Company Limited,2021-03-12,New,,,,fixed,,,,,,,,,,
317,Fugro,2020-11-17,Won,,,,fixed,,,2020-11-18,,,,,,,
318,N.I.R.A.,2021-03-08,Proposal,,,,fixed,,,,,,,,,,
319,FERinstrumentie,2021-01-22,Proposal,,,,fixed,,,,,,,,,,
320,Petrofac International Ltd,2021-01-18,New,,,,fixed,,,,,,,,,,
321,Mallinckrodt Pharmaceuticals,2021-06-22,New,,,,fixed,,,,,,,,,,
322,Syook,2020-11-26,New,,,,fixed,,,,,,,,,,
323,Honeywell,2020-09-10,New,,,,fixed,,,,,,,,,,
324,Eman Mohammed Oun Trading Est,2021-03-04,Lost,,,,fixed,,,2021-03-04,,,,,,,
325,Kleh Systems e.K.,2020-09-16,Proposal,,,,fixed,,,,,,,,,,
326,Ethos Energji,2020-11-30,Proposal,,,,fixed,,,,,,,,,,
327,SARL ALLEXPORT,2021-03-29,New,,,,fixed,,,,,,,,,,
328,Dow Chemical Iberica,2020-11-21,Proposal,,,,fixed,,,,,,,,,,
329,Controller Area Network Solutions (M) Sdn Bhd,2020-06-07,Proposal,,,,fixed,,,,,,,,,,
330,Aetech,2020-08-24,New,,,,fixed,,,,,,,,,,
331,Bee2FireDetection SA,2020-09-25,New,,,,fixed,,,,,,,,,,
332,Monitor Systems Scotland Limited,2020-11-25,Proposal,,,,fixed,,,,,,,,,,
333,CENPES (voor Petrobas),2020-11-26,Proposal,,,,fixed,,,,,,,,,,
334,Pharmatech,2021-04-08,Proposal,,,,fixed,,,,,,,,,,
335,TNO,2021-06-22,Proposal,400.0,EUR,400.0,fixed,,400.0,,,Wifi Antenna,Western Europe,End-user,Ex-M website,,
336,National Grid Grain LNG Importation Terminal,2021-07-15,Proposal,,,,fixed,,,,,Wifi Antenna,Western Europe,End-user,Ex-M website,,
337,Air Liquide,2020-05-27,Qualified,215.0,EUR,215.0,fixed,,215.0,,,,,,,,
338,i6 Group,2020-07-30,New,,,,fixed,,,,,,,,,,
339,Felton B.V.,2020-10-20,Proposal,,,,fixed,,,,,,,,,,
340,LK Netwerks,2020-05-21,Qualified,,,,fixed,,,,,,,,,,
341,ICS Technologies,2020-10-12,Proposal,,,,fixed,,,,,,,,,,
342,Adeptor AS,2020-10-13,Proposal,,,,fixed,,,,,,,,,,
343,Willoglen Services Pte Ltd.,2020-05-16,Lost,,,,fixed,,,2020-05-16,,,,,,,Competition
344,NEXPA SA,2021-07-16,Proposal,,,,fixed,,,,,Wifi Antenna,Other,Installer,Ex-M website,,
345,Bauer Kompressoren,2020-12-02,New,,,,fixed,,,,,,,,,,
346,GMC HVAC AS,2021-04-13,Won,,,,fixed,,,2021-05-18,,,,,,,
347,Motor Oil Hellas Corinth Refineries SA,2021-07-01,New,,,,fixed,,,,,Camera,Western Europe,End-user,Armadex Site,,
348,B.V. Marine Providoring Agencies M.P.A,2021-08-02,Proposal,,,,fixed,,,,,Camera,Western Europe,Installer,Ex-M website,,
349,APAVE Business Unit Energy,2021-06-29,Won,3897.0,EUR,3897.0,fixed,,3897.0,2021-06-29,,Camera,Eastern Europe,Installer,,,
350,ADNOC Abu Dhabi National Oil Company,2020-10-12,New,,,,fixed,,,,,,,,,,
351,Daikin Middle East And Africa FZE,2020-09-08,Proposal,,,,fixed,,,,,,,,,,
352,SARL S20 Impex,2021-02-08,New,,,,fixed,,,,,,,,,,
353,ING Ferrari,2021-02-12,New,,,,fixed,,,,,,,,,,
354,Parsec Consulting Engineers,2020-09-29,Lost,,,,fixed,,,2020-09-29,,,,,,,
355,Elcode Engineering Ltd.,2021-03-15,New,,,,fixed,,,,,,,,,,
356,Malthus Uniteam,2020-11-25,New,,,,fixed,,,,,,,,,,
357,KOVAR a.s,2020-12-09,Lost,,,,fixed,,,2020-12-09,,,,,,,
358,UAB BALTIJOS BRIGANTINA,2020-12-01,Lost,,,,fixed,,,2020-12-01,,,,,,,
359,Robert Knüver,2020-09-09,New,,,,fixed,,,,,,,,,,
360,CMA,2020-05-18,Lost,,,,fixed,,,2020-08-17,,,,,,,Became Stale
361,"Nova Technologies LLC, Mitsubishi Electric FA Baku, Distributor",2021-05-12,New,,,,fixed,,,,,Other,Other,OEM,Other,,
362,Brother Group LLC,2020-10-13,Lost,,,,fixed,,,2020-10-13,,,,,,,
363,Centanex,2020-10-23,Lost,,,,fixed,,,2020-10-23,,,,,,,
364,Sensolus,2020-12-01,Proposal,,,,fixed,,,,,,,,,,
365,G.E.E.,2020-08-31,New,,,,fixed,,,,,,,,,,
366,Elgin Refrigeration Services Ltd,2021-05-20,New,35660.0,EUR,35660.0,fixed,,35660.0,,,Airconditioner,Western Europe,Installer,Returning customer,,
367,OceanMaster Engineering,2021-03-15,Lost,,,,fixed,,,2021-03-15,,,,,,,
368,KC-Trading B.V.,2020-06-01,New,,,,fixed,,,,,,,,,,
369,Cattaneo Impianti S.r.l.,2021-03-11,New,,,,fixed,,,,,,,,,,
370,Siccis S.A.,2021-04-14,New,,,,fixed,,,,,,,,,,
371,Delta T Installations,2020-08-18,Lost,,,,fixed,,,2020-08-18,,,,,,,Poor Qualification
372,Ventura,2020-05-18,Qualified,,,,fixed,,,,,,,,,,
373,Ventionex,2020-05-17,Proposal,2190.0,EUR,2190.0,fixed,,2190.0,,,,,,,,
374,Batenburg Techniek N.V.,2020-08-24,New,,,,fixed,,,,,,,,,,
375,SEANET Marine Planet,2020-10-08,Proposal,,,,fixed,,,,,,,,,,
376,Thyssenkrupp Industrial Solutions India Pvt Ltd,2020-11-10,Proposal,,,,fixed,,,,,,,,,,
377,Tirio Solutions,2021-02-05,New,,,,fixed,,,,,,,,,,
378,Oiltanking Terminal & Co.LLC,2021-04-15,New,,,,fixed,,,,,,,,,,
379,Penta-Electric AG,2021-07-26,Proposal,1379.0,EUR,1379.0,fixed,,1379.0,,,Wifi Unit,Western Europe,End-user,Direct Industry,,
380,KVH,2021-04-30,New,,,,fixed,,,,,,,,,,
381,Merck Performance Materials Ltd.,2020-05-27,Lost,,,,fixed,,,2020-07-27,,,,,,,Abandoned
382,JG Summit Petrochemical Group,2020-05-28,New,,,,fixed,,,,,,,,,,
383,Akzo Nobel,2021-02-16,New,,,,fixed,,,,,,,,,,
384,ADL Control (S) Pte Ltd,2020-05-16,Lost,189.0,EUR,189.0,fixed,,189.0,2020-06-09,,,,,,,Wrong time
385,Kryolan GmbH,2020-07-28,Won,445.0,EUR,445.0,fixed,,445.0,2020-08-17,,,,,,,
386,Speedcast,2021-01-21,Proposal,,,,fixed,,,,,,,,,,
387,INFENSO,2021-06-16,Won,1379.0,EUR,1379.0,fixed,,1379.0,2021-06-21,,Wifi Unit,Eastern Europe,Installer,Ex-M website,,
388,PT Puterako Inti Buana,2020-11-04,New,,,,fixed,,,,,,,,,,
389,Domotica Design,2020-09-18,New,,,,fixed,,,,,,,,,,
390,Bruno Schillig SA,2021-01-12,New,,,,fixed,,,,,,,,,,
391,Manrochem,2020-06-01,Won,,,,fixed,,,2020-06-11,,,,,,,
392,Emerson Automation Solutions Asia Pacific,2020-06-07,Qualified,,,,fixed,,,,,,,,,,
393,Samil Industry Co. Ltd,2021-03-03,Proposal,,,,fixed,,,,,,,,,,
394,Enersol,2020-10-05,Lost,,,,fixed,,,2020-10-05,,,,,,,
395,Elektron Srl,2020-08-28,Lost,,,,fixed,,,2020-08-28,,,,,,,Poor Qualification
396,FCA Group,2020-10-26,New,,,,fixed,,,,,,,,,,
397,Siccis S.A.,2021-03-09,New,,,,fixed,,,,,,,,,,
398,AL-ADAA for Oil & Gas Services Ltd,2020-11-11,New,,,,fixed,,,,,,,,,,
399,Carrier Marine & Offshore,2021-02-24,New,,,,fixed,,,,,,,,,,
400,Osprey Industrial Solution (pvt) Ltd.,2021-07-28,New,,,,fixed,,,,,Airconditioner,Middle-East,Trade Agent,Ex-M website,True,
401,Ballu GmbH,2020-06-10,Lost,,,,fixed,,,2020-06-10,,,,,,,
402,Tiama Oil Supply & Services Co.,2020-11-11,New,,,,fixed,,,,,,,,,,
403,Belcon,2020-11-24,Lost,,,,fixed,,,2020-11-24,,,,,,,
404,Nimble EES Ltd,2021-07-19,New,,,,fixed,,,,,,,,,,
405,SKF Taiwan Co. Ltd.,2021-05-21,Lost,,,,fixed,,,2021-05-21,,Wifi Antenna,Asia,Installer,Ex-M website,,
406,Panta Marketing & Services Limited,2020-11-06,Proposal,,,,fixed,,,,,,,,,,
407,360°KAS,2021-01-15,New,,,,fixed,,,,,,,,,,
408,KZ CLIMA,2020-12-07,Lost,,,,fixed,,,2020-12-07,,,,,,,
409,Shell Exploration & Production International,2020-06-03,New,,,,fixed,,,,,,,,,,
410,NAO Energy,2020-12-03,New,,,,fixed,,,,,,,,,,
411,Technigroup NV,2021-02-24,Lost,,,,fixed,,,2021-02-24,,,,,,,
412,SONNİVA ENERJİ MAKİNA SANAYİ İTH. İHR. LTD. ŞTİ.,2021-02-16,New,,,,fixed,,,,,,,,,,
413,Edilsider Modular Housing,2021-04-14,Proposal,,,,fixed,,,,,,,,,,
414,Technigroup NV,2020-06-03,New,,,,fixed,,,,,,,,,,
415,Geolog S.r.l.,2020-06-04,New,,,,fixed,,,,,,,,,,
416,Emerson Automation Solutions Romania,2021-02-09,New,,,,fixed,,,,,,,,,,
417,Trags Electrical Engineering and Air Conditioning Company,2021-07-26,Lost,,,,fixed,,,2021-07-26,,Airconditioner,Middle-East,Engineer,,True,
418,Elefos,2020-09-17,New,,,,fixed,,,,,,,,,,
419,Belmar Brest,2020-11-06,Proposal,,,,fixed,,,,,,,,,,
420,KZ CLIMA,2020-12-03,Lost,,,,fixed,,,2020-12-07,,,,,,,
421,Miri M & E Sdn Bhd,2021-03-29,Proposal,,,,fixed,,,,,,,,,,
422,Metagro B.V.,2021-04-20,Lost,,,,fixed,,,2021-04-20,,,,,,,
423,Hazex Consultants,2021-05-20,New,,,,fixed,,,,,,,,Ex-M website,,
424,DSO National Laboratories,2020-05-17,Qualified,,,,fixed,,,,,,,,,,
425,Ethos Energji,2020-08-18,Proposal,,,,fixed,,,,,,,,,,
426,CAMBAIE INDUSTRIE,2021-03-05,New,,,,fixed,,,,,,,,,,
427,MAS Associates (Pvt) Ltd.,2020-10-01,New,,,,fixed,,,,,,,,,,
428,Agesa Grup,2020-12-16,New,,,,fixed,,,,,,,,,,
429,Water Services Corporation,2021-02-09,New,,,,fixed,,,,,,,,,,
430,Marcotex Engineers & Consultants,2020-09-14,New,,,,fixed,,,,,,,,,,
431,"Baker Hughes, Advantec AS",2020-09-28,New,,,,fixed,,,,,,,,,,
432,GULF ENVIRONMENT & WASTE FZE,2021-02-03,Lost,,,,fixed,,,2021-02-03,,,,,,,
433,SM Engineering GmbH,2020-12-30,New,,,,fixed,,,,,,,,,,
434,CRS Dublin,2021-05-27,New,,,,fixed,,,,,,,,,,
435,Paumier,2021-05-25,New,,,,fixed,,,,,,,,,,
436,Amserve Engineering SDN BHD,2020-10-28,New,,,,fixed,,,,,,,,,,
437,Yokogawa Middle East & Africa B.S.C.(c),2021-07-09,Lost,,,,fixed,,,2021-07-09,,Airconditioner,Asia,Engineer,Ex-M website,True,
438,DMAC Engineering,2020-09-09,New,,,,fixed,,,,,,,,,,
439,TGinternational SRL,2020-11-11,New,,,,fixed,,,,,,,,,,
440,UPR LLC,2020-06-08,New,,,,fixed,,,,,,,,,,
441,Vision Oilfield Supply Company FZE,2021-02-12,New,,,,fixed,,,,,,,,,,
442,CAMBAIE INDUSTRIE,2021-03-05,Proposal,,,,fixed,,,,,,,,,,
443,SUEZ Al Bashaer LLC,2021-04-08,Proposal,,,,fixed,,,,,,,,,,
444,Prior Diesel,2020-06-10,Lost,,,,fixed,,,2020-08-17,,,,,,,
445,Versalis S.p.A.,2021-05-06,Proposal,,,,fixed,,,,,,,,,,
446,TNO,2021-06-22,Won,400.0,EUR,400.0,fixed,,400.0,2021-06-28,,Wifi Antenna,Western Europe,End-user,Ex-M website,,
447,MOL Romania,2021-07-23,New,,,,fixed,,,,,Airconditioner,Eastern Europe,End-user,Ex-M website,,
448,HatnimSystems,2021-07-28,Proposal,,,,fixed,,,,,Airconditioner,Africa,Installer,Ex-M website,,
449,Climate Pro,2021-02-11,New,,,,fixed,,,,,,,,,,
450,ABB (India),2020-11-04,New,,,,fixed,,,,,,,,,,
451,Lemico Ltd,2021-03-17,Proposal,,,,fixed,,,,,,,,,,
452,KZ CLIMA,2020-12-03,Lost,,,,fixed,,,2020-12-07,,,,,,,
453,SAT,2020-10-12,New,,,,fixed,,,,,,,,,,
454,Osborne Engineering LLC,2021-07-06,Lost,,,,fixed,,,2021-07-06,,,,,,,
455,REFRIGERATION WORLD W.L.L,2021-01-25,Proposal,,,,fixed,,,,,,,,,,
456,HAT Analytics,2021-02-16,Lost,,,,fixed,,,2021-02-19,,,,,,,
457,BASE14TECH,2021-07-23,Proposal,4000.0,EUR,4000.0,fixed,,4000.0,,,Airconditioner,Africa,Trade Agent,Ex-M website,,
458,Samuel Vellapan,2020-06-07,Lost,,,,fixed,,,2020-07-27,,,,,,,Abandoned
459,Motridal Spa,2021-04-20,Lost,,,,fixed,,,2021-04-20,,,,,,,
460,Mattair,2020-10-08,New,,,,fixed,,,,,,,,,,
461,FAM GmbH,2021-05-27,New,,,,fixed,,,,,,,,,,
462,BakerHicks,2021-05-12,Lost,,,,fixed,,,2021-05-12,,,,,,,
463,"Coopiensos Nutrición Animal, S.L.",2021-03-11,New,,,,fixed,,,,,,,,,,
464,ABA Stronalva Ltd,2021-07-22,New,,,,fixed,,,,,Airconditioner,Western Europe,Trade Agent,Ex-M website,,
465,Aksa,2020-06-05,Proposal,17245.0,EUR,17245.0,fixed,,17245.0,,,,,,,,
466,MBN Nanomaterialia S.p.A.,2021-02-03,New,,,,fixed,,,,,,,,,,
467,Iota Consultoria e Projetos Ltda,2021-04-30,Proposal,,,,fixed,,,,,,,,,,
468,API Engineering Ltd,2021-03-03,New,,,,fixed,,,,,,,,,,
469,AXIS Engineering Pte.Ltd.,2020-05-16,Qualified,,,,fixed,,,,,,,,,,
470,Università di Genova,2021-05-05,New,,,,fixed,,,,,,,,,,
471,Fincantieri SI S.p.A.,2021-05-25,Proposal,3791.0,EUR,3791.0,fixed,,3791.0,,,Airconditioner,Western Europe,Installer,Ex-M website,,
472,United Technology Group,2021-03-22,New,,,,fixed,,,,,,,,,,
473,Green Power Engineering,2020-10-14,Proposal,,,,fixed,,,,,,,,,,
474,Marstair TEV Ltd,2021-03-23,New,,,,fixed,,,,,,,,,,
475,Marstair TEV Ltd,2021-03-15,Proposal,,,,fixed,,,,,,,,,,
476,Prezioso Emdad LLC,2020-09-15,New,,,,fixed,,,,,,,,,,
477,Intan Electric Co. Sdn Bhd,2020-06-07,Lost,,,,fixed,,,2020-07-27,,,,,,,Abandoned
478,EF-INC Engineering,2021-07-20,Proposal,6000.0,EUR,6000.0,fixed,,6000.0,,,Airconditioner,Africa,Installer,Other,,
479,Ethos Energji,2020-05-31,Proposal,,,,fixed,,,,,,,,,,
480,Al Zamih,2021-01-07,New,,,,fixed,,,,,,,,,,
481,Exxon Mobil,2020-05-18,Qualified,,,,fixed,,,,,,,,,,
482,Buoyant Offshore,2020-07-08,New,6000.0,EUR,6000.0,fixed,,6000.0,,2020-07-15,,,,,,
483,socrate,2020-09-21,New,,,,fixed,,,,,,,,,,
484,Green Create,2021-07-29,New,,,,fixed,,,,,Camera,Western Europe,End-user,,True,
485,Petrosolutions FZE,2021-03-10,New,,,,fixed,,,,,,,,,,
486,NESR,2020-06-25,New,,,,fixed,,,,,,,,,,
487,Valclima Refrigeración SLL,2020-08-21,Proposal,2470.0,EUR,2470.0,fixed,,2470.0,,,,,,,,
488,"Tecnilab Portugal, SA",2020-05-26,Proposal,19500.0,EUR,19500.0,fixed,,19500.0,,,,,,,,
489,ASE Air Systems Engineering,2021-02-11,Proposal,,,,fixed,,,,,,,,,,
490,Prolux International FZ LLC,2020-09-09,New,,,,fixed,,,,,,,,,,
491,TRAQuE Pte. Ltd.,2020-11-13,New,,,,fixed,,,,,,,,,,
492,ProcessTech,2020-11-04,New,,,,fixed,,,,,,,,,,
493,Baldwin and Francis Ltd,2021-01-13,Proposal,,,,fixed,,,,,,,,,,
494,Daikin Middle East And Africa FZE,2020-09-09,Proposal,89000.0,EUR,89000.0,fixed,,89000.0,,,,,,,,
495,Union Engenharia de Telematica,2021-02-09,New,,,,fixed,,,,,,,,,,
496,Arrowhead,2020-09-29,Lost,,,,fixed,,,2020-09-29,,,,,,,
497,Glocom,2020-12-28,Lost,,,,fixed,,,2020-12-28,,,,,,,
498,Egy Power,2020-09-04,Lost,,,,fixed,,,2020-09-04,,,,,,,
499,BGLift,2021-01-25,New,,,,fixed,,,,,,,,,,
500,Carea Air Conditioning Services,2020-08-20,Proposal,57000.0,EUR,57000.0,fixed,,57000.0,,,,,,,,
501,Karm Engineering,2020-11-16,New,,,,fixed,,,,,,,,,,
502,TeamTec AS,2021-05-07,Lost,,,,fixed,,,2021-05-07,,,,,,,
503,"Lam Son Engineering & Construction  Co., LTD",2020-11-23,Proposal,,,,fixed,,,,,,,,,,
504,PATVIN ENGINEERING PVT LTD,2020-09-25,Won,10000.0,EUR,10000.0,fixed,,10000.0,2020-09-30,,,,,,,
505,ARC Engineering Co. Ltd,2021-02-10,Proposal,22000.0,EUR,22000.0,fixed,,22000.0,,,,,,,,
506,Paumier,2021-06-22,New,,,,fixed,,,,,,,,,,
507,Polonez Plus Sp. z o.o.,2021-02-26,New,,,,fixed,,,,,,,,,,
508,MERL-Engineering,2020-07-31,New,,,,fixed,,,,,,,,,,
509,Quinta Raddison Limited,2020-06-09,Lost,,,,fixed,,,2020-06-22,,,,,,,
510,Pepperl+Fuchs N.V.,2020-06-01,New,,,,fixed,,,,,,,,,,
511,Marstair TEV Ltd,2020-05-31,New,,,,fixed,,,,,,,,,,
512,Energyst Rental Solutions B.V.,2021-03-25,New,,,,fixed,,,,,,,,,,
513,Top Engineering Services,2021-04-27,New,,,,fixed,,,,,,,,,,
514,Bilfinger Industrial Services Norway AS,2021-03-18,New,,,,fixed,,,,,,,,,,
515,Phileo PM Aircondition & Refrigeration Trading LLC,2021-04-12,New,,,,fixed,,,,,,,,,,
516,Global Links,2020-12-16,Lost,,,,fixed,,,2020-12-16,,,,,,,
517,Air Royal Pte. Ltd,2020-11-13,Lost,,,,fixed,,,2020-11-13,,,,,,,
518,TVPE JSC,2021-04-28,Proposal,,,,fixed,,,,,,,,,,
519,Lambert Electromec Ltd.,2021-01-21,Proposal,,,,fixed,,,,,Airconditioner,Africa,Installer,Returning customer,,
520,Magma Technologies (EMCO),2020-07-27,New,,,,fixed,,,,,,,,,,
521,Emondt Multiclima,2020-08-28,Proposal,15750.0,EUR,15750.0,fixed,,15750.0,,,,,,,,
522,APAC,2020-10-20,New,,,,fixed,,,,,,,,,,
523,Ambient Air Conditioning UK Ltd,2021-02-16,New,,,,fixed,,,,,,,,,,
524,Baticlima,2020-06-19,Proposal,,,,fixed,,,,,,,,,,
525,UPR LLC,2020-09-28,New,,,,fixed,,,,,,,,,,
526,LG Electronics Inc.,2020-06-07,Lost,,,,fixed,,,2020-06-10,,,,,,,Price too high
527,Techtools Morden Ltd,2020-11-19,New,,,,fixed,,,,,,,,,,
528,PR Rande Buana Teknik,2020-06-18,Lost,,,,fixed,,,2020-06-22,,,,,,,
529,Garnet Technologies,2021-05-27,Proposal,22000.0,EUR,22000.0,fixed,,22000.0,,,,,Installer,Ex-M website,,
530,Elgon Trade Inc.,2020-06-04,Lost,,,,fixed,,,2020-08-17,,,,,,,
531,B.E.S.D. Benelux BV,2021-03-29,New,,,,fixed,,,,,,,,,,
532,WilWin Global Corporation,2021-02-17,New,,,,fixed,,,,,,,,,,
533,LIBITCO B.V.,2020-07-08,Proposal,,,,fixed,,,,,,,,,,
534,"AlFayhaa Eyes Contracting, General Trading and Transportation",2020-06-17,Proposal,,,,fixed,,,,,,,,,,
535,"Mackay, Marine Electronics and satellite communcations",2021-03-08,Lost,,,,fixed,,,2021-03-08,,,,,,,
536,Blue Fox,2020-09-09,Proposal,,,,fixed,,,,,,,,,,
537,Ethydco,2021-04-27,New,,,,fixed,,,,,,,,,,
538,Techno Group Services,2020-05-31,Proposal,,,,fixed,,,,,,,,,,
539,CEM Engineering Pte Ltd,2020-05-16,Lost,,,,fixed,,,2020-05-16,,,,,,,Abandoned
540,Trane Klima- und Kältetechnisches Büro GmbH,2021-03-31,Proposal,,,,fixed,,,,,,,,,,
541,Repede Pressure Control LTD,2020-09-29,Proposal,80000.0,EUR,80000.0,fixed,,80000.0,,,,,,,,
542,Thanh Thien Technology JSC,2020-10-02,Proposal,,,,fixed,,,,,,,,,,
543,Saudi Rotorcraft Support Company,2020-09-30,New,,,,fixed,,,,,,,,,,
544,Prolux International FZ LLC,2020-09-23,New,400000.0,EUR,400000.0,fixed,,400000.0,,,,,,,,
545,Global Offshore Engineering (SG),2020-05-16,Lost,16150.0,EUR,16150.0,fixed,,16150.0,2020-07-15,,,,,,,Became Stale
546,Euroblast Middle East,2020-06-17,Lost,,,,fixed,,,2020-08-17,,,,,,,
547,AGC Matex (Thailand) Co. Ltd,2020-05-27,Qualified,9700.0,EUR,9700.0,fixed,,9700.0,,,,,,,,
548,aecom,2020-05-27,Lost,,,,fixed,,,2020-08-17,,,,,,,
549,Shamir Eyal Ltd.,2020-05-31,Lost,,,,fixed,,,2020-08-17,,,,,,,
550,Cofely Besix Mannai,2020-09-24,New,,,,fixed,,,,,,,,,,
551,Guthrie Engineering Pte Ltd,2020-05-16,Qualified,,,,fixed,,,,,,,,,,
552,Keystone Marine & Logistics ltd.,2021-07-27,Proposal,1290.0,EUR,1290.0,fixed,,1290.0,,,Camera,Africa,Trade Agent,Ex-M website,,
553,AlBusaili,2020-05-21,Lost,,,,fixed,,,2020-05-21,,,,,,,
554,Embark Construction & Oil field Services,2020-05-21,Lost,,,,fixed,,,2020-05-21,,,,,,,
555,Desert Hub Trading Company,2020-06-03,Lost,,,,fixed,,,2020-06-03,,,,,,,
556,Qatar Factory,2020-07-13,New,47500.0,EUR,47500.0,fixed,,47500.0,,,,,,,,
557,MOEIN SANAT POUYA CO.,2021-04-30,New,,,,fixed,,,,,,,,,,
558,Maxam UEB S.L.,2020-05-20,Lost,,,,fixed,,,2020-05-21,,,,,,,No Authority
559,"M.T.Korea Co., Ltd.",2021-07-26,Lost,,,,fixed,,,2021-07-26,,Airconditioner,Other,,,True,
560,BORA Klimatechnik GmbH,2020-12-28,Proposal,,,,fixed,,,,,,,,,,
561,ENVIBOW Norbert Weiß e.K.,2020-07-24,New,,,,fixed,,,,,,,,,,
562,Yinson Production AS,2021-06-30,Proposal,,,,fixed,,,,,Airconditioner,Western Europe,Installer,Ex-M website,,
563,RIL Reliance Industries Limited,2020-07-16,New,,,,fixed,,,,,,,,,,
564,Orisun,2021-01-13,New,,,,fixed,,,,,,,,,,
565,Shell Exploration & Production International,2020-06-16,New,,,,fixed,,,,,,,,,,
566,Lewa Nikkiso Italy S.r.l.,2020-10-29,Lost,,,,fixed,,,2020-10-29,,,,,,,
567,Sung Shin rolling Stock Technology Limited,2020-05-27,Qualified,,,,fixed,,,,,,,,,,
568,PT. Semanggi Teknik,2021-01-13,Lost,,,,fixed,,,2021-01-13,,,,,,,
569,Rockfin Sp. z o.o.,2020-09-02,New,,,,fixed,,,,,,,,,,
570,Qatar Gas,2021-02-24,New,,,,fixed,,,,,,,,,,
571,Hydessco,2020-05-21,Lost,,,,fixed,,,2020-08-17,,,,,,,
572,Thanh Thien Technology JSC,2020-05-17,Lost,,,,fixed,,,2020-07-27,,,,,,,Abandoned
573,CRP Air Conditioning Services LLC,2021-04-28,New,,,,fixed,,,,,,,,,,
574,Michael Ward Limited,2020-08-28,New,,,,fixed,,,,,,,,,,
575,Eco Mechanical Services Limited (Ecomec),2020-07-13,Won,,,,fixed,,,2020-11-18,,,,,,,
576,Adcock Refrigeration and Air Conditioning Ltd,2020-07-27,Proposal,,,,fixed,,,,,,,,,,
577,S&M Refrigerazione,2021-02-08,Proposal,,,,fixed,,,,,,,,,,
578,Daikin Air Conditioning Saudi Arabia,2020-05-20,Lost,,,,fixed,,,2020-05-20,,,,,,,
579,Kuthe SAS,2020-05-18,Lost,19800.0,EUR,19800.0,fixed,,19800.0,2020-05-28,,,,,,,
580,Kuthe SAS,2020-05-28,Qualified,15000.0,EUR,15000.0,fixed,,15000.0,,,,,,,,
581,Technochem Indonesia. PT,2020-06-07,Proposal,,,,fixed,,,,,,,,,,
582,Engie Solutions,2020-06-29,New,,,,fixed,,,,,,,,,,
583,ATEXShop,2020-09-15,New,,,,fixed,,,,,,,,,,
584,Pearlcon Business Services Ltd,2020-06-03,Lost,,,,fixed,,,2020-08-17,,,,,,,
585,Hobré Instruments B.V.,2020-07-17,New,,,,fixed,,,,,,,,,,
586,MKAP Container Sdn Bhd,2020-05-17,Proposal,5940.0,EUR,5940.0,fixed,,5940.0,,,,,,,,
587,DEPraTechnik GmbH & Co.KG,2021-02-05,New,,,,fixed,,,,,,,,,,
588,DIDETA MULTITECH SDN BHD,2021-02-16,Proposal,,,,fixed,,,,,,,,,,
589,Serikandi Oilfield Services,2021-01-22,Proposal,,,,fixed,,,,,,,,,,
590,Mülheimer Verschleißtechnik,2020-07-20,Lost,,,,fixed,,,2020-07-24,,,,,,,
591,Stratus Labs LLC,2020-09-03,Proposal,,,,fixed,,,,,,,,,,
592,Pool Koudetechniek,2020-05-25,Qualified,4370.0,EUR,4370.0,fixed,,4370.0,,,,,,,,
593,Mitrex B.V.,2021-01-15,New,,,,fixed,,,,,,,,,,
594,Holland Special Pumps,2020-05-31,New,,,,fixed,,,,,,,,,,
595,VMC Vehicle Monitor Corporation,2020-07-08,Lost,,,,fixed,,,2020-07-08,,,,,,,
596,Advanced Services Ltd.,2020-07-30,New,,,,fixed,,,,,,,,,,
597,Dawn Redwood Investments Limited,2020-09-14,New,,,,fixed,,,,,,,,,,
598,Makgil Connecting,2020-05-17,Qualified,,,,fixed,,,,,,,,,,
599,Bakker Sliedrecht,2020-11-26,Lost,,,,fixed,,,2020-11-26,,,,,,,
600,Marstair TEV Ltd,2021-03-23,New,,,,fixed,,,,,,,,,,
601,SC Instal Expert,2020-06-29,New,58000.0,EUR,58000.0,fixed,,58000.0,,,,,,,,
602,Pak-Arab Refinery Limited,2020-12-16,New,,,,fixed,,,,,,,,,,
603,Niewenhuis Kraanverhuur,2020-06-16,Won,27500.0,EUR,27500.0,fixed,,27500.0,2020-10-19,,,,,,,
604,Arabian International Contracting WLL,2020-05-25,Qualified,100000.0,EUR,100000.0,fixed,,100000.0,,,,,,,,
605,A J Walter Aviation Limited,2020-05-15,Proposal,10203.0,EUR,10203.0,fixed,,10203.0,,,,,,,,
606,IPS Group B.V.,2020-06-09,Won,,,,fixed,,,2020-06-09,,,,,,,
607,BakerHicks,2020-08-20,New,,,,fixed,,,,,,,,,,
608,Modern Project Services (Midlands) Limited,2020-06-16,Proposal,23000.0,EUR,23000.0,fixed,,23000.0,,,,,,,,
609,AIMS Analytical Instrumentation & Maintenance Systems,2020-12-14,Lost,,,,fixed,,,2020-12-14,,,,,,,
610,Kaztechno,2021-01-08,New,,,,fixed,,,,,,,,,,
611,KJ Technical Services Sdn. Bhd.,2021-02-09,Lost,,,,fixed,,,2021-02-09,,,,,,,
612,Venture Gulf Engineering W.L.L>,2021-01-07,Lost,,,,fixed,,,2021-01-07,,,,,,,
613,Cattaneo Impianti S.r.l.,2021-03-12,Proposal,,,,fixed,,,,,,,,,,
614,Camega Tolerie,2020-07-17,New,,,,fixed,,,,,,,,,,
615,Prolux International FZ LLC,2021-01-18,New,,,,fixed,,,,,,,,,,
616,PROFEN General Trading L.L.C.,2020-07-29,New,,,,fixed,,,,,,,,,,
617,LeoDaVinci,2021-03-12,Proposal,,,,fixed,,,,,,,,,,
618,GC Maintenance and Engineering Company Limited,2021-02-24,Proposal,,,,fixed,,,,,,,,,,
619,Akathec Electrical,2020-05-27,Lost,,,,fixed,,,2020-08-17,,,,,,,
620,IT Global Technology Services EMEA,2020-05-15,Won,1650.0,EUR,1650.0,fixed,,1650.0,2021-05-11,,Other,Western Europe,End-user,,,
621,BakerHicks,2021-03-09,New,,,,fixed,,,,,,,,,,
622,CMIT - Europe Srl,2020-09-21,New,,,,fixed,,,,,,,,,,
623,Coolmark B.V.,2020-09-04,Proposal,,,,fixed,,,,,,,,,,
624,Emondt Multiclima,2020-11-13,New,,,,fixed,,,,,,,,,,
625,Link Climate Services Ltd,2020-11-03,Proposal,,,,fixed,,,,,,,,,,
626,Jole,2021-04-15,New,,,,fixed,,,,,,,,,,
627,Bhatia Brothers FZE,2020-11-16,Lost,,,,fixed,,,2020-11-17,,,,,,,
628,Al Bijjar Trading FZC,2021-07-14,Lost,,,,fixed,,,2021-07-19,,Airconditioner,Middle-East,Trade Agent,Ex-M website,True,
629,Evolve Oilfield Sdn Bhd,2020-09-04,New,,,,fixed,,,,,,,,,,
630,Eko2Siluma,2020-12-17,New,,,,fixed,,,,,,,,,,
631,Adcock Refrigeration and Air Conditioning Ltd,2020-07-31,New,,,,fixed,,,,,,,,,,
632,Iris Automation,2021-03-22,New,,,,fixed,,,,,,,,,,
633,Automatic Controls and instrumentation,2021-04-26,New,,,,fixed,,,,,,,,,,
634,Al-Wataneya,2020-05-18,Qualified,,,,fixed,,,,,,,,,,
635,JG Summit Petrochemical Group,2020-06-07,Qualified,,,,fixed,,,,,,,,,,
636,MESH Global Limited,2020-09-02,New,,,,fixed,,,,,,,,,,
637,Palco Marine Services Pte Ltd,2020-06-17,Proposal,5000.0,EUR,5000.0,fixed,,5000.0,,,,,,,,
638,PetroHab,2021-07-29,Lost,,,,fixed,,,2021-07-29,,Airconditioner,Other,Installer,Ex-M website,True,
639,Hempel,2021-06-23,New,,,,fixed,,,,,,,,,,
640,Ocean Oilfield Services Fze,2020-05-25,Lost,,,,fixed,,,2020-05-25,,,,,,,
641,Wilitec Pte Ltd,2020-08-28,New,,,,fixed,,,,,,,,,,
642,Bartec Technor,2020-07-17,New,,,,fixed,,,,,,,,,,
643,Emondt Multiclima,2020-05-18,Won,3900.0,EUR,3900.0,fixed,,3900.0,2020-06-22,,,,,,,
644,Epsilon Group,2020-09-03,New,,,,fixed,,,,,,,,,,
645,Pt. Tiga Menara Abad,2021-05-27,Lost,,,,fixed,,,2021-06-17,,,,,,,
646,Altera Infrastructure,2020-09-15,New,,,,fixed,,,,,,,,,,
647,Team Clim Alsace,2020-05-25,Lost,,,,fixed,,,2020-08-17,,,,,,,
648,Oriental Trading Company Limited,2020-08-31,Lost,,,,fixed,,,2020-08-31,,,,,,,
649,Grupa LOTOS,2020-10-01,New,,,,fixed,,,,,,,,,,
650,Lomar Shipping Limited,2020-05-29,New,,,,fixed,,,,,,,,,,
651,EKINOKS AIR CONDITIONING SYSTEMS,2020-06-11,New,,,,fixed,,,,,,,,,,
652,United Engineers,2021-07-07,Proposal,15000.0,EUR,15000.0,fixed,,15000.0,,,Airconditioner,Africa,Installer,Ex-M website,,
653,ThyssenKrupp Aufzugswerke GmbH,2021-03-05,Proposal,,,,fixed,,,,,,,,,,
654,Stanbet Products & Services Pte Ltd,2020-05-16,Lost,9395.0,EUR,9395.0,fixed,,9395.0,2020-07-20,,,,,,,Abandoned
655,Armad Engineering Ltd,2020-06-03,Lost,,,,fixed,,,2020-08-17,,,,,,,
656,Empire Scientifique Co. Ltd,2020-05-19,Lost,5000.0,EUR,5000.0,fixed,,5000.0,2020-07-27,,,,,,,Abandoned
657,Climatec,2020-05-28,Lost,,,,fixed,,,2020-08-17,,,,,,,
658,Mohammed Al-Ojaimi Group,2021-03-25,Proposal,,,,fixed,,,,,,,,,,
659,Dar Al-Handasah,2020-06-30,Proposal,,,,fixed,,,,,,,,,,
660,Megha Engineering & Infrastructures LtD,2021-04-09,New,,,,fixed,,,,,,,,,,
661,Quicksource Inc.,2020-06-04,Lost,,,,fixed,,,2020-08-17,,,,,,,
662,Thelma Industries Pte Ltd,2020-05-15,Won,,,,fixed,,,2020-06-09,,,,,,,
663,Petrosolutions FZE,2020-05-22,Proposal,6840.0,EUR,6840.0,fixed,,6840.0,,,,,,,,
664,'Matco' Maadi Trading Co.,2020-07-09,New,,,,fixed,,,,,,,,,,
665,Engie Solutions Industrial HVAC & Cooling North,2020-09-07,New,,,,fixed,,,,,,,,,,
666,Emerson Automation Solutions Asia Pacific,2020-05-16,Lost,,,,fixed,,,2020-05-16,,,,,,,Abandoned
667,Cascade Engineering,2021-07-09,New,,,,fixed,,,,,Airconditioner,Middle-East,Engineer,Ex-M website,,
668,Nel Hydrogen,2020-05-27,Won,36000.0,EUR,36000.0,fixed,,36000.0,2020-09-23,,,,,,,
669,IPS Group B.V.,2020-06-09,Qualified,,,,fixed,,,,,,,,,,
670,Zain Enterprise FZE,2021-01-22,Lost,,,,fixed,,,2021-01-22,,,,,,,
671,Miri M & E Sdn Bhd,2020-05-19,Lost,5000.0,EUR,5000.0,fixed,,5000.0,2020-07-27,,,,,,,Abandoned
672,Miri M & E Sdn Bhd,2020-05-19,Proposal,61180.0,EUR,61180.0,fixed,,61180.0,,,,,,,,
673,Ibrahim & Sons Trading Group W.L.L.,2020-06-03,Won,16000.0,EUR,16000.0,fixed,,16000.0,2020-06-22,,,,,,,
674,International Asia Aftersales,2020-12-16,Lost,,,,fixed,,,2020-12-16,,,,,,,
675,PALB Engineering (M) SDN> BHD.,2020-11-24,Lost,,,,fixed,,,2020-11-24,,,,,,,
676,SOLAS MARINE SERVICES GROUP,2020-07-30,Lost,,,,fixed,,,2020-12-16,,,,,,,
677,Scientific Solutions Services,2021-02-18,New,,,,fixed,,,,,,,,,,
678,LEA Muhendislik Egitim Danismanlik San. ve Tic. A.S.,2020-07-16,Lost,,,,fixed,,,2020-08-19,,,,,,,Abandoned
679,Zain Enterprise FZE,2020-09-22,Lost,,,,fixed,,,2020-09-22,,,,,,,
680,Acoustics India Pvt. Ltd.,2020-05-19,Proposal,,,,fixed,,,,,,,,,,
681,Synheat Mfg Pte Ltd,2021-03-11,Lost,,,,fixed,,,2021-03-11,,,,,,,
682,BMC Eirco Refrigeration Limited,2021-05-27,Won,18000.0,EUR,18000.0,fixed,,18000.0,2021-06-11,,Airconditioner,Western Europe,Installer,Ex-M website,,
683,Eco Mechanical Services Limited (Ecomec),2020-07-23,Proposal,,,,fixed,,,,,,,,,,
684,Abdullah Faleh Al-Dossary Sons Contracting Co. Ltd.,2020-05-15,Lost,,,,fixed,,,2019-09-16,,,,,,,Poor Qualification
685,Abdullah Faleh Al-Dossary Sons Contracting Co. Ltd.,2020-05-21,Lost,,,,fixed,,,2020-05-21,,,,,,,
686,Techtools Morden Ltd,2021-06-22,Proposal,9000.0,EUR,9000.0,fixed,,9000.0,,,Airconditioner,Western Europe,Trade Agent,Ex-M website,,
687,"Taiwan Hoist And Crane Co., Ltd.",2020-05-18,Lost,9880.0,EUR,9880.0,fixed,,9880.0,2020-06-04,,,,,,,Competition
688,DAP Ltd Company,2021-01-28,Proposal,,,,fixed,,,,,,,,,,
689,Desert Hub Trading Company,2020-08-18,Proposal,24000.0,EUR,24000.0,fixed,,24000.0,,,,,,,,
690,Universal Voltas LLC,2021-03-01,Proposal,,,,fixed,,,,,,,,,,
691,JL Group Engineering Pte Ltd,2020-08-06,Proposal,,,,fixed,,,,,,,,,,
692,NGC Industrie,2020-09-01,New,,,,fixed,,,,,,,,,,
693,Lipsos Yangin,2020-09-01,Proposal,,,,fixed,,,,,,,,,,
694,Power Force Technologies Pte. Ltd.,2020-11-17,Proposal,,,,fixed,,,,,,,,,,
695,Gestioni Armatoriali Srl,2020-07-16,New,,,,fixed,,,,,,,,,,
696,Sulzer Electromechanical Services (UK) Ltd,2021-03-05,New,,,,fixed,,,,,,,,,,
697,Schwenck Maritime Procurement GmbH & Co. KG,2021-07-09,Proposal,13000.0,EUR,13000.0,fixed,,13000.0,,,Airconditioner,Western Europe,Installer,Ex-M website,,
698,Emerson Automation Solutions MEA,2020-09-29,New,,,,fixed,,,,,,,,,,
699,Jubail Sources,2020-05-21,Lost,,,,fixed,,,2020-05-21,,,,,,,
700,AQHOS AS,2020-07-06,Proposal,,,,fixed,,,,,,,,,,
701,Reckitt Benckiser (Bangladesh) Ltd,2020-05-25,Qualified,10000.0,EUR,10000.0,fixed,,10000.0,,,,,,,,
702,JL Marine & Engineering Pte Ltd,2021-03-18,New,,,,fixed,,,,,,,,,,
703,ADNOC Abu Dhabi National Oil Company,2020-09-28,Proposal,,,,fixed,,,,,,,,,,
704,Elzwetina Group,2020-08-21,Proposal,7900.0,EUR,7900.0,fixed,,7900.0,,,,,,,,
705,ADNOC Abu Dhabi National Oil Company,2020-10-05,Proposal,,,,fixed,,,,,,,,,,
706,Ibex Oilfield Services,2021-01-15,Proposal,,,,fixed,,,,,,,,,,
707,LUBI srl,2020-07-23,Proposal,4950.0,EUR,4950.0,fixed,,4950.0,,,,,,,,
708,Aramco,2020-05-21,Lost,,,,fixed,,,2020-05-21,,,,,,,
709,SNORI France,2021-01-12,New,,,,fixed,,,,,,,,,,
710,Reijngoud Veiligheid B.V.,2020-07-02,Proposal,,,,fixed,,,,,,,,,,
711,ZM Engineering,2020-06-07,Proposal,,,,fixed,,,,,,,,,,
712,Greenbrier Astra Rail Industries S.A.,2020-05-20,Won,10000.0,EUR,10000.0,fixed,,10000.0,2020-06-02,,,,,,,
713,Nestle Middle East FZE,2020-08-31,New,,,,fixed,,,,,,,,,,
714,Ingeteam a.s.,2020-06-30,Lost,,,,fixed,,,2020-06-30,,,,,,,
715,EMI International,2020-12-08,Proposal,,,,fixed,,,,,,,,,,
716,Liesbeth van Tienhoven,2020-06-04,New,,,,fixed,,,,,,,,,,
717,Mark Climate Technology,2021-07-16,New,,,,fixed,,,,,,,,,,
718,Desert Hub Trading Company,2020-09-09,Proposal,,,,fixed,,,,,,,,,,
719,Trane Technologies,2021-05-07,New,,,,fixed,,,,,,,,,,
720,Euro-Asia Design & Construction Pte Ltd,2020-07-09,Lost,25000.0,EUR,25000.0,fixed,,25000.0,2020-10-05,2020-07-14,,,,,,Abandoned
721,Infiniti,2020-09-29,Proposal,1600.0,EUR,1600.0,fixed,,1600.0,,,,,,,,
722,F. Ball and Co. Ltd.,2020-11-19,New,,,,fixed,,,,,,,,,,
723,Microblau SL,2021-07-20,New,,,,fixed,,,,,Wifi Unit,Western Europe,Installer,Ex-M website,,
724,Holborn Europa Raffinerie GmbH,2020-08-27,New,,,,fixed,,,,,,,,,,
725,ABEL BUILDING SOLUTIONS (ABS),2021-01-22,New,,,,fixed,,,,,,,,,,
726,Remty-R d.o.o.,2020-12-22,New,,,,fixed,,,,,,,,,,
727,Ghana Project Supply Agency,2020-11-13,Lost,,,,fixed,,,2020-11-13,,,,,,,
728,TTCL Vietnam Corporation Limited,2020-06-07,Proposal,,,,fixed,,,,,,,,,,
729,Egy Power,2020-09-04,Lost,,,,fixed,,,2020-09-04,,,,,,,Poor Qualification
730,Skyrora,2021-05-19,Lost,,,,fixed,,,2021-05-19,,Airconditioner,Western Europe,End-user,Ex-M website,,
731,Altena Group,2020-10-30,Lost,,,,fixed,,,2020-10-30,,,,,,,
732,Bayport,2021-04-07,Proposal,,,,fixed,,,,,,,,,,
733,IPS Group B.V.,2020-06-09,Lost,,,,fixed,,,2020-06-09,,,,,,,
734,RDCO International FZE,2021-07-20,New,,,,fixed,,,,,,,,,,
735,"M.T.Korea Co., Ltd.",2021-05-19,Lost,,,,fixed,,,2021-05-19,,,,,,,
736,EKINOKS AIR CONDITIONING SYSTEMS,2020-07-24,New,,,,fixed,,,,,,,,,,
737,Eco Mechanical Services Limited (Ecomec),2020-10-02,New,,,,fixed,,,,,,,,,,
738,OES Group,2020-06-07,Proposal,,,,fixed,,,,,,,,,,
739,"Loran-Gulf Coast Holding Company, Inc.",2021-07-07,Proposal,12000.0,EUR,12000.0,fixed,,12000.0,,,Airconditioner,Western Europe,Trade Agent,Ex-M website,,
740,Xenergi,2020-06-24,Proposal,,,,fixed,,,,,,,,,,
741,"Daewoo E&C, CAFC Oil Project",2020-09-28,Proposal,,,,fixed,,,,,,,,,,
742,Wrist-Klevenberg Ship Supply NL BV,2021-07-06,Proposal,13000.0,EUR,13000.0,fixed,,13000.0,,,Airconditioner,Western Europe,Installer,Ex-M website,,
743,Comm-Co B.V.,2020-11-04,New,,,,fixed,,,,,,,,,,
744,Brave Engineering Ltd,2020-05-18,Qualified,,,,fixed,,,,,,,,,,
745,Vibro Technologies & Engineering PTE Ltd,2020-05-16,Qualified,,,,fixed,,,,,,,,,,
746,Sistemas Garc,2021-04-30,New,,,,fixed,,,,,,,,,,
747,Nigeria LNG,2020-08-27,New,,,,fixed,,,,,,,,,,
748,Solvay,2020-10-16,New,,,,fixed,,,,,,,,,,
749,TEGRA Kazakhstan,2021-03-17,New,,,,fixed,,,,,,,,,,
750,Itetec,2021-07-01,New,,,,fixed,,,,,Camera,,Installer,Ex-M website,,
751,Okinelin Industrial Services LTd,2021-07-06,New,,,,fixed,,,,,Wifi Unit,Africa,Installer,Ex-M website,,
752,Keymag Controls Sdn Bhd,2020-11-26,Proposal,,,,fixed,,,,,,,,,,
753,Infortel,2020-05-22,Qualified,10000.0,EUR,10000.0,fixed,,10000.0,,,,,,,,
754,5Abox.com,2020-05-15,Proposal,,,,fixed,,,,,,,,,,
755,Aver Solutions,2020-09-16,New,,,,fixed,,,,,,,,,,
756,ForthwellTechs,2021-01-07,New,,,,fixed,,,,,,,,,,
757,SPM Instrument India PVT LTD,2021-05-05,New,,,,fixed,,,,,,,,,,
758,ABLE Instruments & Controls Ltd,2021-07-02,New,,,,fixed,,,,,,,,,,
759,ENT GLOBAL LTD,2021-05-19,Lost,,,,fixed,,,2021-05-19,,,,,,,
760,Poligono Raposa,2020-07-10,Lost,,,,fixed,,,2020-07-10,,,,,,,
761,TRAGS Trading and Agency Services Limited Company W.L.L.,2021-05-05,New,,,,fixed,,,,,,,,,,
762,KM Group,2021-02-04,New,,,,fixed,,,,,,,,,,
763,Enersol,2020-09-14,New,,,,fixed,,,,,,,,,,
764,Omnia Analytics,2021-02-08,New,,,,fixed,,,,,,,,,,
765,TRANSORGA GMBH,2020-07-27,New,,,,fixed,,,,,,,,,,
766,Seven Star Oil Fields Equipments Trad Fze,2020-06-18,New,,,,fixed,,,,,,,,,,
767,LUBI srl,2020-07-03,Lost,,,,fixed,,,2020-07-23,,,,,,,
768,Pt. DWI Daya Karya,2021-01-12,Lost,,,,fixed,,,2021-01-12,,,,,,,
769,Ocean Oilfield Services Fze,2020-10-01,New,,,,fixed,,,,,,,,,,
770,Stolthaven Singapore Pte Ltd,2020-05-16,Proposal,5965.0,EUR,5965.0,fixed,,5965.0,,,,,,,,
771,Sun Capital Enterprises,2020-09-24,New,,,,fixed,,,,,,,,,,
772,ADNOC Abu Dhabi National Oil Company,2020-09-29,New,,,,fixed,,,,,,,,,,
773,Faxsonde Inc.,2020-10-07,Proposal,,,,fixed,,,,,,,,,,
774,Pak-Arab Refinery Limited,2020-10-20,Proposal,,,,fixed,,,,,,,,,,
775,TS Group Holdings SDN BHD,2020-10-22,New,,,,fixed,,,,,,,,,,
776,CT Technology,2020-10-22,Proposal,,,,fixed,,,,,,,,,,
777,Tetra,2020-12-30,Proposal,,,,fixed,,,,,,,,,,
778,Petronas Carigali Sdn Bhd,2021-03-01,New,,,,fixed,,,,,,,,,,
779,Syscon Engineering,2021-04-06,New,,,,fixed,,,,,,,,,,
780,Gulf Star Cooling Services LLC,2021-01-15,New,,,,fixed,,,,,,,,,,
781,Perfect Prism General Trading L.L.C.,2020-06-18,New,,,,fixed,,,,,,,,,,
782,Lumen Technologies Solution,2020-10-15,New,,,,fixed,,,,,,,,,,
783,Davidsons Oilfield & Industrial Supplies FZC,2021-03-17,New,,,,fixed,,,,,,,,,,
784,Prestige Engineering Establishment,2021-07-08,Lost,,,,fixed,,,2021-07-08,,,,,,True,
785,OSG Containers and Modular Pte Ltd,2020-06-10,Lost,,,,fixed,,,2020-07-20,,,,,,,Became Stale
786,Adghal Oilfield Supplies L.L.C,2021-02-24,New,,,,fixed,,,,,,,,,,
787,ESWL,2021-06-16,Proposal,4000.0,EUR,4000.0,fixed,,4000.0,,,Airconditioner,Western Europe,Trade Agent,Ex-M website,,
788,MCI Electrotechnics Ltd,2021-07-29,Lost,,,,fixed,,,2021-07-29,,Airconditioner,Western Europe,Installer,Ex-M website,True,
789,Tecumex Middle East FZCO,2021-02-25,New,,,,fixed,,,,,,,,,,
790,Geowell Sdn Bhd,2020-11-16,New,,,,fixed,,,,,,,,,,
791,Emerson Automation Solutions Asia Pacific,2020-10-22,Lost,,,,fixed,,,2020-10-22,,,,,,,
792,Baseline LLC,2020-09-15,Lost,,,,fixed,,,2020-09-15,,,,,,,Poor Qualification
793,Royal wolf,2020-06-18,New,,,,fixed,,,,,,,,,,
794,Nara Energies,2020-08-28,New,,,,fixed,,,,,,,,,,
795,M/S. GULF REFINING COMPANY,2021-04-06,Lost,,,,fixed,,,2021-04-06,,,,,,,
796,Sari Pacific,2021-01-12,New,,,,fixed,,,,,,,,,,
797,Zain Enterprise FZE,2021-08-02,Lost,,,,fixed,,,2021-08-02,,Airconditioner,Middle-East,Trade Agent,Ex-M website,True,
798,Sinopec Hong Kong Oil Terminal,2020-06-07,Lost,,,,fixed,,,2020-07-27,,,,,,,Abandoned
799,EuroMarine Engineerin Sdn. Bhd,2020-05-19,Proposal,5495.0,EUR,5495.0,fixed,,5495.0,,,,,,,,
800,"Trident Maritime Systems, LLC – IES",2020-11-19,Won,5300.0,EUR,5300.0,fixed,,5300.0,2020-12-22,,,,,,,
801,Schlenk Metallic Pigments GmbH,2021-03-25,New,,,,fixed,,,,,,,,,,
802,Marstair TEV Ltd,2021-03-17,Lost,,,,fixed,,,2021-03-17,,,,,,,Price too high
803,Astoria Solutions,2020-05-15,Lost,,,,fixed,,,2020-08-19,,,,,,,Abandoned
804,Glencore International AG FISHING,2020-07-13,New,,,,fixed,,,,,,,,,,
805,Electro Group LLC,2020-06-11,Lost,,,,fixed,,,2020-08-17,,,,,,,Abandoned
806,MAS Associates (Pvt) Ltd.,2020-09-29,New,,,,fixed,,,,,,,,,,
807,Dipet,2020-10-26,New,,,,fixed,,,,,,,,,,
808,Milaha,2020-08-31,Lost,,,,fixed,,,2020-08-31,,,,,,,
809,AppliTek NV/SA,2020-09-04,New,,,,fixed,,,,,,,,,,
810,Energo Grupa Croatia,2020-10-19,New,,,,fixed,,,,,,,,,,
811,Gabriel Vigneau,2020-10-16,Lost,,,,fixed,,,2020-10-16,,,,,,,
812,Aber Ahmed Equipment Est.,2021-03-09,New,,,,fixed,,,,,,,,,,
813,Ethos Energji,2021-01-15,Proposal,,,,fixed,,,,,,,,,,
814,M. Danchor Ltd,2020-10-13,New,,,,fixed,,,,,,,,,,
815,International Asia Aftersales,2020-06-11,Lost,,,,fixed,,,2020-07-20,,,,,,,Became Stale
